id;valeurs_reelles;valeurs_predites
596;5.2;5.2886167
3371;3.8;5.5618143
3049;5.3;5.712745
2909;5.5;5.6744184
