id;valeur_reelle;valeur_predite
19995;7.2;7.1863999999999955
285;6.9;6.934600000000014
206647;6.3;6.740399999999998
49026;7.6;7.042799999999994
